Metin;Durum
evet anlatıldığı gibi;1
Daha öncede almıştım bu cihazdan ense ve sakal tüketmek için on numara sıfıra yakın alıyor;1
Ürün gayet başarılı sakal kesmede başlık sayısı biraz daha fazla olabilirdi.Hem 0 a yakın aliyor. hem de kirli sakal için 3 numara başlık ideal.;1
Daha öncede aynısını almıştım çok güzel ve kaliteli bir ürün.;1
Erkek kuaförüyüm ense ve sıfır sakal traşı için uygun bir ürün;1
ürün gerçekten çok güzel;1
Ürün beklediğimden güzel çıktı gayet kullanışlı tarklarda bir iki numara saha olsa daha iyidi ama her şey harika;1
güzel makina tavsiye ederim;1
tavsiye edebileceğim çok güzel bir makina;1
ürün geldiğinde şarjı vardı. ilk lullanım öncesi 10 saat kadar şarjda kaldı. yaklaşık 30 dk kadar kesintisiz kullandım vebhala şarjı iyi seviyedeydi. 30 dk kullanım sürecinde ısınmadı. ben saç traşı oldum. herhangi bir takılma-çekme vs sorun yaşamadım (saçlarım seyrel ve ince telli. uzunluğu 3-4 mm kadardı, taraksız traş oldum) bu performansı devam ederse mükemmel bir ürün diyebilirim.;1
Ürün sadece aldığım gün güzel bir şekilde kesti. sonrasında saatlerce uğraşıp sadece sakalımı toplayabildim. Allah kahretsin başka bı makine alacam ama bu sefer powertec mi ? ASLA;0
denedim ürün çok güzel herkese tavsiye ederim;1
ürün harika tam istediğim gibi ayrıca mağazaya da teşekkürler hızlı oldukları için;1
Ürün hala elime geçmedi;0
Bir kere kullandım memnun kaldım;1
35 TL ye berber makinesi powertec almıştım. 300 liraya aldığım dünya markası yerine onu kullandım. powertec yine şaşırtmadı harika bir ürün. genelde sakal kesiyorum çok iyi kesiyor. hiç yoruma felan bakmayın daha alın gitsin.;1
Ürün çalışıyor şimdilik;2
tam istedigim gbi orjinal;1
Ürün, kullanım açısından kolay. Yanında 1mm 2mm 3mm başlıkları ile geliyor. Sakal traşım ve şekil verme konularında bir sıkıntısını görmedim.;1
hiç dusunmeden alın derim jilet gibi kesiyor;1
Ürün anlatıldığı gibi Hızlı kargo;1
ürünü beğendim ve tekrar sipariş verdim. paketleme daha korunakli olmali,kargo poşedi yeterli degil bence.;1
baya iyi çok memnun kaldım;1
Ürün anlatıldığı gibi bu fiyata bundan iyisini bulamazsın.. marka takıntısı olan yoksa bu ürün çok idaal... sakalları sıfıra yakın kesiyor...;1
güzel ürün f/p canavarı, dayanıklı çıkar umarım, teşekkürler;1
Aynı gün kargoya verildi 1 gün sonra sabah elime ulaştı paketleme güzel, şarj standı sorunsuz çalışıyor usb ile de şarj oluyor kesimi gayet başarılı tavsiye ederim.;1
İlk önce tereddüt ettim ama iyiki almışım alalı 3 ay oldu 20 defa olmuştur sakal tıraşı oluyorum ,hiç şarja bağlamadan 20 ye yakın tıraş yaptı doldurunca nekadar gider Allah bilir. Bıçaklar çok kaliteli çekme koparma yapmıyor makina hızlı ve jiletin bir tık üstü kesiyor, Sessiz ve t bıçağı çok kullanışlı sakal ense için bire bir tavsiye ederim....;1
Sakal için ideal, saç için kullanmıyorum. Philips makinalar para tuzağı.;1
Ürün güzel beğendim;1
Merhabalar ürün anlatıldığı gibi geldi.Eksiksiz ve gayet şık.Daha kullanmadim.Ancak almadan önce arastirmistim.Ona göre sipariş verdim.;1
ürün fiyatina gore guzel bekledigimden guzel ??;1
hızlı ve özenli kargo teşekkürler.;1
urun gelmiyor 10 gundur bekliyoz magaza iletisim sifir siparis tamamlandi diyor urun gelmiyor dolandirildik;0
urun cok guzel bekledigim gibi geldi cok memnun kaldim super bi urun.;1
Ürün anlatıldığı gibi mağaza yorumları korkutmuştu fakat ürün 2 günde elime ulaştı herhangi bir problem yok;1
Ürünler kaliteli teşekkürler;1
Çok beğendim çocukların saçlarını rahatlıkla kesebiliyorum tam istediğim gibi;1
Ürün şık ve kullanışlı;1
urun cok guzel siddetle tavsiye ederim 2 adet aldim;1
güzel ürün tavsiye ederim;1
Makine gayet iyi memnun kaldım fakat şarj unitesi çalışmıyordu iade etmekle uğraşmak istemedim usb ile şarj olabiliyor ??;2
ÜRÜN GAYET KULLANIŞLI UMARIM UZUN ÖMÜRLÜ OLUR TEŞEKKÜRLER;1
bu makineden ikinci alışım gayet iyi bir makina. sakal için öneririm. magazadan da 4. makina alışım . olumsuz birşeyle karşılaşmadım;1
hızlı satıcı problem yok;1
Birçok traş makinesi kullandım. Gerçekten kullanışlı ve güzel bir ürün yapmışlar, çok beğendim. Ürünlere pek yorum yapmam ama bu ürünü kullandıktan sonra kendimi bir anlamda mecbur hissettim :;1
Olay budur. Boş yere diğer markalara para vermeyin. Tıraş sadece 2 dk sürdü. Oldukça sessiz.;1
Ürün kullanışlı ve kesimi güzel parasinin hakkini veriyor;1
Makine oldukça kaliteli. Sakal için rahatlıkla kullanıyorum. Tavsiye ederim.;1
hasarlı gelgi geri yolladım kullanmadık ;0
Ürün 3-4 ay kadar dayanabildi sonrası hüsran, parasını çıkardı mı evet. Ama beklentiniz yüksek olmasın. Hem saç hem sakal traşı için kullanıldı. Ama belirli bir süre sonra kesim yaparken boğulmaya başladı ve kesememeye başladı.;0
Ürün paketsiz şekilde geldi evime gelmedi kendim gittim aldım sanki kullanılmış gibiydi öyle geldi bana emin değilim ama ürün çalışıyor sorun yok;0
Fiyat performans ürünü;1
efsane bir ürün sakal ve ense çizim için ideal saç için farklı ürünlere bakın kirli sakal ve bir numara için;1
Ürünü çok beğendim güzel kesiyor, bu kadar beklemiyordum. Gayet başarılı. Fiyatta uygun. Şuan için güzel. Gelecekte ne olur bilemem. Fiyata göre çok iyi.;1
ürün güzel tavsiye ederin sıfır kesim için aldım gayet iyi;1
Gayet guzel goruntulu ve kaliteli urun.;1
philipsin tras makinesini kullanıyordum. Bu ürün şarj ve bıçak olarak philips'ten daha kaliteli. bosuna 3 kati fazla ödeyip marka almayin. cok iyi kesiyor sıfıra yakın;1
103 liraya alincaj gzl kibar makina her ise yarar. Sac kesme harici her ise yarar sakal vs;1
süper kesiyor harika bı makina;1
Ürünü sorunsuz teslim aldım. Sipariş vermeden önce mağaza ile ilgili olumsuz yorumlar korkutmuştu ama sorunsuz bir alışveriş oldu benim için. Makinenin bıçakları çok güçlü. Çekme, koparma yok. Fiyatına göre çok güzel bir makine. Mağaza faturayı mailime atmıştı. Teşekkürler.;1
İlk defa bir ürüne yorum yapıyorum ürün beklediğimden harika çıktı hiç düşünmeden alabilirsiniz;1
2 yıldır kullanıyorum yedek olsun diye aldım isyerime;1
ÜRÜN ÇOK KULLANIŞLI VE KALİTELİ TEŞEKKÜRLER.;1
Daha oncede powertec kullanan biri olarak soylemeliyim ki, bu model bi efsane beylerr;1
??????????????????????;1
ürün çok şık fakat içi boş bir ürün. biraz daha bütçe zorlayıp iyi bir makine almanızı tavsiye ederim. sıfırı çok kötü;0
Ürün gelmedi ki beğenelim;0
emsallerine göre fiyatı düşük olunca bi çekinceyle aldım ama gerçekten kaliteli ve kullanışlı. 5 yıldızı sonuna kdar hakediyor. mağaza hızı da cok iyi;1
ürünü henüz kullanmadım deneyince göreceğiz;2
iyi ürün teşekkürler parasına göre iyi ürün umarım çabuk bozulmaz;1
Ürün güzel bu paraya bu kalite performans ama makine ilk. Geldiginde kendi yüzümde denedim kuaförüm diş çiziyordu ayarladım ürün parasına göre çok iyi güçlü;1
Güzel ve kaliteli ürün tavsiye ederim;1
ürün parasına göre çok iyi;1
Evet çok güzel bir makina;1
Eşime aldım. Çok beğendi. Saçını da sakalını da şekillendiriyor. Gayet kullanışlı;1
Ürün başarılı tafsiye ederim;1
Güzel ürün tavsiye ederim;1
Beğendim ama daha uzun kesebilen tarak seçenekleri de olmalıydı;2
teşekkürler güvenilir mağaza;1
Güzel ürün Harika satıcı;1
ürün güzel fiyatı da uygun fakat garanti belgesi doldurulmamis;2
daha tam olarak kullanmadım ancak beklediğim gibi;1
Hızlı kargo, kaliteli ürün. Kedi ve köpek traşı için aldım. Kıt olan yerleri T uç sayesinde daha kolay kesebiliyorum.;1
Philips kullanıyordum, tarağı kırıldı, yeni tarak fiyatı bu ürünün 1,5 katı. Yorumlar olumlu diye aldım, fiyat performans ürünü. Titreşimi philipse göre yüksek, ilk izlenimim kuruda daha iyi gibi. Bıçağın temizliği için tornavida ile açmak gerekiyor pratik değil.;2
guzel hic bir sorunu yok;1
kaliteli kesinlikle tavsiye ederim;1
Urun tamamen fiyat performans urunu. Piyasada daha iyi oldugunu sanmam. Highly recommended!!;1
Ürün gerçekten harika kuoförümde gördüm ve tafsiyesi üzerine aldım.kullandım harika ve KUSURSUZ.??;1
powertec bildiğim ve kullandığım marka bu seferki aldığım makine kutu içeriğinde 2 nolu tarak kırık geldi mağazaya konuyu ilettim fakat dönüş saglanmadi powertec süper makine ama satıcı sorumsuz;2
makine güzel kullanışlı;1
Ürün güzel ürün hakkında bir şikayetim yok;1
ürün anlatıldığı gibi. teşekkür ederim.;1
Berberimin tavsiyesi ile aldım çok beğendim tavsiye ederim bundan evvel aldıklarımın çok üstünde bir makina;1
evet çok beğendim;1
Ne yalan söyleyeyim, bu kadar iyi bekle miyordum.;1
Cok guzel kullandim. Bu fiyata alınabilecek en iyilerden. Bilader e de sipariş verecem.;1
Ürün yaklaşık 20 saatte elime ulaştı. Beklediğimden daha pratik ve daha güçlü çıktı. Tam bir fiyat performans ürünü.;1
üründeki 3mm tarağı bildiğimiz 3 numaralı traş diye aldım. meğer 0 ile 1 arasında bişeymiş. bir defa neme kesimi yaptığım için iade yada değişim olmuyormuş. boşa almış oldum çöpe para attık.;0
Bana göre süper üç adet aldım;1
Ürünü begendim ve teşekkür ederim;1
ürünü beğendim. 3 taraklı çok kaba olmayan bir alet. sadece kutusu ezik büzük çıktı dışında bir problem yok;2
evet beğendim güzel;1
Evet harıka ürün sıfır sakal taşı yapıyo;1
Hayır beğenmedim;0
Başarılı makine düşünmeden alınabilir;1
n11.com üyesi 01.10.2020 Bozuk ve dezenforme olmuş ürün geldi ve iade alınmadı Bu arkadaşın yaşadıklarını aynısını bende yaşadım ve aynı şekilde sonucladı tek farkı bana BERBER mısın dıye sorulması ıdı MUMKUNSE BU FIRMADAN alışveriş YAPMAYIN muhakkak ayı olayı sizde yaşayacaksınız bu konuda eminim;0
kullanışlı memnun Kaldım;1
Ürün bi moser değil ama fiyata göre fena değil;2
Hayır b3?enmedim .Rezillik;0
Çok seri bir cihaz. Fiyatına göre çok iyi;1
Evet şık tasarım ve tatminkâr markayı zaten biliyordum saç tıraşı Makinesi vardı zaten ince dişte powertec tr658 ile tamamlandı tavsiye ederim;1
ürün çok güzel, temizlemesi gayet kolay, çok memnun kaldım;1
Aldığım ürün şarj almıyordu ve üzerinde dezenformasyon vardı. Ona rağmen açıldığını bahane ederek iade almadılar ve teknik servise yönlendirdiler. Yeni alınmış bir ürün çalışmadığında ve üstüne üstlük üründe dezenformasyon olmasına rağmen niye teknik servise gitmekle uğraşıyorum anlamadım. Gönderdiğim ürünü de kabul almayıp tekrar bana gönderdiler ve kargo ücretini ben ödemek durumunda kaldım. N11 sağolsun itiraz ettiğimde aynı miktarda kupon vererek zararımı kapattı.;0
Güzel ürün düşünmeden alın;1
urunu kullanmadim ama elime ulasti cok guzel gozukuyor . urun Orta boydadir.;1
iki günde elime ulaştı teşekkür ederim.. kullanmadım umarım istediğim gibi çıkar;2
Ürünü çok beğendim;1
İdare eder... ;2
Fiyatına göre oldukça güzel bir ürün. Kesinlikle tavsiye ediyorum. Paketleme ve kargo iyiydi.;1
Gramajı ağırlığı kaliteli duruyor ..memnun kaldım ..işimi gayet güzel görüyor ...;1
çok güzel birebir aynı ürün güçlü motoru var dükkanım için aldım gayet güzel ve sağlam bir ürün;1
Ben ürünü traş olduğum berberde görüp almıştım. Gayet sağlam ve kaliteli gibi duruyor. Fiyatına göre çok iyi olduğunu söyleyebilirim;1
kullandigim üründü 3 arkadaşıma daha aldım herkez memnun tesekkurler;1
Samsung şarj cihazı bile oluyor, hem kablolu hem kablosuz jilet gibi, oldukça güzel ve güçlü.;1
Parasını hak eden ürün. Fiyat performans harika;1
Ürünü daha öncede kullandım sert sakallar için birebir uyumlu ve güzel;1
Ürün güzel tavsiye ederim;1
fiyat performans kıstasına göre gönül rahatlığıyla alabilirsiniz.;1
Ürün hakkını fazlasıyla veriyor. İnce işler için süper bir makina;1
Gerçekten ürün çok kaliteli... Almak isteyenlere tavsiye ederim.;1
Gönül rahatlığıyla alın kullanın;1
ürün güzel kullanışlı beğendim geldiği gibi kullandım;1
braoun marka bir tane vardı taraksız kesince almıyordu farklı uzunluk gibi bırakıyordu bu resmen 1 günlük sakal gibi alıyor fena kesiyor ama benim gibi beceriksizseniz ve ilk kez deniyorsanız yani daha önce böyle kullanan birisi 3 dk da keserse ben 7 dk kesiyorum böyle oluncada makina ısınıyor demiri fena rahatsız ediyor ama eli alışık olanlar ısınmadan şak şak keser diye düşünüyorum ısınması kötü kesimi motoru falan güçlü. ben kışın kullanmak için sakalım sert olduğu için duşta yumuşat yarı çıplak traş ol üşütmr tehlikesi olmaması için duşa girmeden kesicem duşumu alıp çıkıcam. yani pişman olmadım alınır güzel cihaz.;0
Harika bir makina çok güzel kesiyor. Kasası oldukça sağlam ben çok beğendim vallahi;1
Evet beğendim fakat Fiyatı biraz uygun tutulabilir.;2
ürün anlattığı gibi herkese tavsiye ederim...;1
Ürün güzel ama paketleme hoşuma gitmedi;2
ürün tek sıkıntısı çabuk ısınması sıfıra yakın bir kesim sağlıyor sakalı alırken tarakla küçük takılmalar oldu onun dışında kesimi beğendim;2
Ürünü beğendim herhangibir sıkıntı yok tam istediğim gibiydi teşekkürler;1
Başarılı ürün, fiyat/Performans ürünü;1
gelir gelmez hemn actim şarjı vardı ürün güzel paketlenmis sıkıntısız çalışıyordu sakal tıraşı yaptım 0 kesimi çok güzel gönül rahatlığıyla alabilirsiniz;1
Gerçekten çok kaliteli bir tıraş makinesi. Hızlı kargo için de teşekkür ederim. İlgili bir satıcı, bu ikinci siparişim.;1
ürüne yapılan olumlu yorumlara bakarak aldım. ürün anlatıldığı gibiydi. gayet kullanışlı ve pratik. umarım uzun ömürlü olur.;1
arkadaşlar alin;1
fiyatına göre maksimum verimli;1
cok kaliteli buldum tavsiye ederim;1
çok ince ağız yapısı var, şarjı çok iyi. Braun var fiyat bunun rahat 3 katı ama şarj ve ağız bu makine yanında hiç. marka işte;1
çok kaliteli herkes e tavsiye ederim;1
Traş makinası çok güzel gerçekten mükemmel 3.yü aldık;1
Makina çok şık güzel bir ürün tavsiye ederim;1
2 adet aldık 1. 3 . 5 aydır bizde memnunduk. anlayın vorteil teşekkürler. 2. yeni aldık ondada sorun yok;1
Ürünü ikinci alışım, birini hediye olarak aldım, oda memnun kaldı. Sakal için özellikle çok güzel sıfıra yakın bir kesimi var. ama sinek kaydı derseniz hayır. Tarak kısmı dışındaki yerler plastik. fiyatına göre çok iyi. tavsiye ederim.;1
Beğendim gayet güzel;1
Evet beğendim alacak arkadaşlara tavsiye ediyorum;1
Ürün resimdeki gibi gayet güzel ele oturuyor, titreşim yok denecek kadar az, kesmesi süper , kıl yolma tahriş etme yok, tavsiye ediyorum alın kullanın ilk kullanımda çok memnun kaldım teşekkürler...;1
ŞUANLIK GÜZEL BAKALİM KAÇ AY GÖTÜRECEK 2 YIL GARANTİSİ VAR GÖZÜKÜYOR UMARİM KIYTIRIK GARANTİLERDEN DEĞİLDİR;2
hem uygun hem kalite başka ne denilebilir ki?;1
ürün çok güzel ve kullanışlı iki adetyaldim.tavsiye ederim.;1
Ürünü beğendim herkese gönül rahatlığı ile tavsiye ederim;1
Çok güzel bir ürün. tavsiye ederim. çevremde kullananlar da memnun;1
Sakalı sıfır kesmiyor ama makina güzel kaliteli;2
Çok kalitesiz kesiyor. Berbeelerdelki markasız ürünler bundan çok iyi. Kullanmıyorum duruyor öyle.;0
Vücut kılları ve sakallar için güzel bi ürün. Sarjı uzun gidiyor ve çabuk doluyor. Fiyat performans ürünü;1
Hayır boynumu kesti;0
çok güzel ve kaliteli ürün;1
Ürünü çok beğendim;1
Güzel ürün Jet hızında teslimat Teşekkürler..;1
Ürün ikinci kattan düştü sadece çizildi...;1
tarif edildiği gibi kaliteli bir ürüne benziyor;1
Ürün çok güzel, kullanışlı, motoru kuvvetli. Fiyatı da uygun;1
Adaptörü kırık geldiği için yorum yapamıyorum. Görünüşü fena değildi.;0
arızalı ürün gönderiyo..dikkat edin..iadeaide yokmuş;0
ürünü nisan ayında satın aldım, saç tıraşı performansı güzel ama sakal için ideal değil. birde şarj olurken pilden ses geliyor şarj süresi gayet makul. 2,5 ay sorunsuz kullandım fakat sonrasında bozuldu, motor kendi kendine yavaşlayarak duruyor, düzeltmek için içini açıp motoru elle döndermek gerekiyor ama sonrasında aynı sorunu tekrar yapıyor.;0
SÜPER ÜRÜN SÜPER MAĞZA SÜPER KARGO TEŞEKKÜRLER;1
Ürün gayet başarılı. Gönderici firma gayet özenli kargolamış. Ürün resimde olduğu gibi geldi ve sakal içinde 1-2-3 numara traş başlıkları, mini temizleme fırçası, ince yağ, şarj adaptörü de çöküyor kutudan.;1
Ürünü kuaförde görüp de aldım. Cildi tahriş etmiyor ve sarjı çok uzun süre gidiyor.;1
sadece sakal keseceğini düşündüm ama saçta kesimi yaptım biraz zorlandı sanki ama oldukça başarılı bir makine tavsiye ederm;1
ürünü beğendim bide sipariş verir vermez bir saat içinde kargoya vermesi çok güzel;1
ürün süper hiç çekinmeden alabilirsiniz;1
çok harika tavsiye ederim;1
Güzel ürün sıfıra yakın kesiyor. Micro usb kablosu Eski android şarj kablosu ile şarj edebiliyorsunuz. Resimde boyutu büyük görünüyor ama ufak hoş.;1
Kargo Hızı Mükemmel her eve diye başlayan mağazadan almıştım adamlar kargoya veremedi bundan sonra bu tarz ürünleri bu mağazadan alacağım bir buçuk günde geldi. Yorumlara bakarak aldım pişman olacağımi sanmıyorum;1
Begenmedim iade ettim;0
kötü bu firma dan almayın;0
ürün kalitesi çok iyi performans olarakta güclü makina;1
Ürünü begendim fakat kullanılmış gibiydi;2
Mağaza bozuk, çalışmayan ürün gönderdi. Defalarca değişim iade talep de bulundum. sürekli oyalayip bahane uydurdular. Sakın almayın bunlardan bir şey.;0
Fiyatına göre iyi çekme yapmıyor.;0
Üründen memnun kalmadım ve iade etmek istedim ama mağaza kabul etmiyor iade vardiye aldanmayın ürüne...;0
Ürün kısa sürede geldi, paket özenli idi. Kullanımda rahat 1-2-3mm uçlar var daha fazla olabilirdi, onun haricinde fiyatına göre güzel tavsiye ederim.;1
600 lira para verdim moser aldım bir kutu da geldi rezalet. garanti bandı yok içinde ne olduğu belli değil ve hemen kargo elemanını göndermedim geri yolladım. 100 liraya bu ürünü aldım mükemmel bir traşı var. jilet traşıyla aynı traşı var hemen hemen. çok memnunum.;1
Hayır, beğenmedim;0
Motoru güçlü. Kesimi çok iyi çekme yok. Hassas bölgelerde kullanırken dikkatli olmak lazım :) iki eksiği var bana göre: başlıkları çok kötü. Ben 3 mm kullanırım kısaltırım diye umuyordum ama kullanamadım. Başlığı takınca kesmedi sakalları birazını alıyor birazını bırakıyor falan. Kısacası başlık performansı kötü. Diğer sorun da parlak yüzeyler. Hem çok kaygan hem de kıl tutuyor çok fazla.;2
10dk şarj oluyor sonra yeşil ışık yanıyor oysa şarjı yok makinenin.Kesik kesik çalışıyor en son kendi kendine çalışmayı durduruyor.Beklediğim gibi değildi;0
1 saniye bile düsünmeden alın. Resmen sıfır alıyor sakal ve ense icin aldim sonuc mukemmel. Bu kadar olacagini tahmin etmemistim.;1
Ürün iyi ama kargo teslimat süresi berbat;2
evet beğendim tavsiye ederim;1
bu fiyata bu makina harika, bir çok iyi marka dediğinden daha iyi iş çıkarıyor.;1
Uzun ömürlü olursa son zamanlarda yaptığım en iyi alışveriş diyebilirim.;1
Ürünü kullanmadım.Ama paketleme çok özensiz. Sanki 3.el ürün gibi;0
ürün çok kaliteli;1
Bazı arkadaşlar kıl çekiyor/koparıyor demiş. İsterseniz bin tllik tıraş makinesi ile tıraş olun yine çeker ilk sakallarınızı tarayın birbirinden ayırın sonra çekme yaparsa tamam makinede sorun vardır hiçbir müşterimden böyle ne bir şikayet aldım ne de kıl çektiğini hissettim kendim de bizzat kullanıyorum gayet iyi daha bugün geldi üç kişide de sorun yok tr-1200 modeli de saç için çok iyi tavsiye ederim;1
evet cok iyiydi;1
Moser, Panasonic marka pahalı cihazları kullanmış biri oalrak şunu söyleyebilirim ki parasını fazlasıyla hakl eden bir ürün. 2 bin liralık moser cihazı emekli etti, ben kafamı kazımak ve sert sakalımı tıraş etmek için kullanıoyrum, jilete yakın tıraş yapıyor şiddetle tavsiye ederim;1
ürün için saç da keser yazıp müşteri aldatıyorlar ama ürün asla saç kesimi için tasarlanmamıştır.powertec firması türk ama ürünleri çinden alıyorlar türk malı değil ürünler,arayıp sorabilirsiniz.aliexpresten satın alınsa yarı fiyata alınabilirdi,şimdi olsa asla tr den almam.;0
Ürün harika rengi, tutuşu çok güzel. Çalışma sesi rahatsız etmiyor açıkcası kaliteli bir ürün...;1
ÜRÜNÜN FATURASI YOKK E.POSTAYA GÖNDERMEMİŞLER MAKİNADA SORUN YOK ÇALIŞMASI GÜZEL BU FİYATA ALINABİLECEK EN GÜZEL MAKİNE....;2
makinayı beğendim Berberim zaten;1
TEŞEKKÜRLER....;1
Ben jiletle sakal tıraşı olmaktan bıktığım için ve jilet tahriş ettiği için aldım, jilet gibi sıfır kesiyor.Ben çok beğendim ve artık jilet kullanmayacağım, hem sakal hem ense için yapılmış on numara bir makina, saç traş için olmaz, saç traş için iki kademeli olanları tercih ediniz.;1
Henüz kullanmaya başlamadım ama güzel görünüyor.;2
urun begen dım skıntısız geldı ama urunu alıcak arkadaslar sunu bılsınler urun sac ıcın uggun degıl sakal ıcın uygun;2
ürün kaliteli görünüyor berberde görerek aldım sakal tıraşı da başarılı kullandıkça kalitesini gösterecek şimdilik sorun yok başarılı cihaz;1
Öncelikle ürünü çok geç teslim ettiklerini söylemek istiyorum.. Ürünü açtığımda paketinde verilen taraklardan 1mm ve 3mm olan verilmiş, fakat 2mm olanı göndermemişlerdi. Mağazayla iletişime geçtiğimde ancak kargo ücreti ödenirse göndereceklerini söylediler. Yani ürünü sizin elinize eksik ulaştırıyorlar, bir de tamamlanması için kendi cebinizden kargo parasını da ödüyorsunuz. Mağaza hiçbir şekilde ortak nokta bulmaya çalışmıyor, sizin ürünü teslim aldığınızda tutanak tutmanız gerektiğini söylüyor. Tabii ki pratikte hiçbir insan tüm kutuyu açıp eksik olup olmadığına bakamayacaklarını bildikleri için bu yöntemle paçayı kurtarmaya çalışıyorlar. Ürünü hiçbir şekilde iade almıyorlar. Ürün yanlış,eksik veya kusurlu gelebilir. Ve geldiğinde ürünü kesinlikle iade edemeyeceğinizi bilerek kararınızı verin. Şu ürün için beni 2 haftadır uğraştırdılar.Aldığıma alacağıma bin pişman oldum. Bu ürünü alacaklara bu mağazayı kesinlikle tavsiye etmiyorum.;0
tavsiye ederim emsallerinden iyi;1
İyi ama paketleme iyi deyil;2
ürün sakallarımı yoluyor bozuk çıktı kargo parasını ben karşılayıp garantiye yollayacakmışım ??;0
Ürünü beğendim güzel kesiyor kullanışlı bir ürün;1
daha öncede alışverişim oldu sorunsuz zamaninda kargoya çıkarttılar. cihaz eksiksiz ve düzgün saglam calisiyor;1
ürün güzel begendim tıraş oldum hiç çekme yapmıyor;1
Çöp e atacak parası olan HEMEN alsın !!!!;0
Ürün hemen bozuldu çin malı zaten 3 kullanımda bozuldu alan pişman olur.;0
Ürün güzel, iki günde elime ulaştı. Kesim aparatlarının plastik kalitesi iyi gibi duruyor umarım zamanla gevşeyip kırılmaz.;1
urun anlatıldığı gibi geldi teşekkürler;1
uzun kil sakal saç kısaltma işi yapmıyor. sadece sıfır kesmek ve kısa olanı dahada kısaltmak için kullanılabilir. neredeyse jilete yakın kısalıkta kesiyor.;0
Tavsiye ederim güzel alışveriş;1
ürünü beğenmedim sakal almak için yapılmış ama sakalları çekiyor;0
urun mukemmel tahris etmiyor sakalı sıfır alıyor berber tavsiyesi ile aldim;1
İLK İZLENİM OLARAK GAYET GÜZEL KULLANDIKCA GÖRECEĞİZ BAKALIM;1
Herkese tavsiye ederim kesinlikle pişman olmazsınız;1
evet çizimi güzel;1
alacak arkadaşlar gönül rahatlığıyla alabilir sakal traşı olurken bazı makineler gibi kıl çekme yapmıyor çok stabil ve güzel kesiyor vücut içinde mükemmel aynı yerden 4-5 sefer geçmenize dahi gerek yok biz biraz zorlayıp saç traşı bile olduk bu ürün alınır;1
Ürün 20 saatte elime ulaştı teşekkür ederim;1
Ürün harika parasını hak ediyor;1
İlk izlenim olarak gayet güzel ürün. Sessiz çalışıyor. Sıfıra yakın alıyor. Tavsiye ederim. Kutusunda garanti belgesiyle geldi. Şahsen beğendim.;1
Temiz ve güzel ürün tasfiye ederim..;1
boş yere markaya para vermeyin derim ürün berberlerin kullandigi ürün büyük markalardan alamadığım verimi bu cihazda aldım. Tavsiye ediyorum;1
Fiyatına göre gayet güçlü, güzel, kullanışlı, kaliteli. Emeği geçenlere teşekkür ederim.;1
Sıfıra yakın alıyor. Tarakları da özellikle sakal için yeterli;1
Ürün çok sesli ve güzel kesmiyor. Ne zaman sakal traşı yapsam ıssırıyor. Yüzüm kan içinde kalıyor.;0
güzel ürün teşekkür ederim ??;1
Daha iyisi zor olur;1
ürünü çok araştırdım bunda karar verdim iyi kide almışım çok zarif çok şık bir makine çift şarj girişi var normal kendi fişi var standlı şarj birde mikro usb girişi var powerbank ilede istediğiniz yerde kullanabilirsiniz tavsiye ederim;1
Kuaförüm kullanıyordu. Jilet gibi traş yapıyor. Sakal düzeltme için çok harika bir ürün.;1
Teşekkürler ürün anlatıldığı gibi;1
ürün ilk geldiğinden kullandım Çok beğendim Size de tavsiye ederim;1
Güzel bir ürün tavsiye ederim;1
Ürün gayet güzel,önceden de aldığım bir ürün.İçeriğinde de eksik çıkmadı,garanti belgesiyle birlikte güzelce paketlenmişti.Teşekkür ederim.;1
Benim gibi yüzünüze jilet vurmuyorsanız, zarar veriyorsa bu traş makinası tam aradığınız diyebilirim, daha önceki traş bıçaklarımla 2-3 kez geçtiğim yerleri tek seferde tertemiz alıyor, kesinlikle kullandığım en iyi makina.;1
Bi sıkıntı olmadı zaten bu cihazı başkasında görmüştüm alabilirsiniz sıkıntı yok;1
iletişim iyi ürün sağlam ve kullanışlı;1
Paketleme süper Ürün çok güzel ve kibar ışıklandırması güzel kullanışlı duruyor ancak kutuyu açtım makineyi çıkardım bıçağın olduğu yerdeki koruma aparatını çıkardım her yerinde küçük kıllar vardı ve iç tarafına sıkışmış uzun kıl vardı büyük ihtimal kullanılmış iade edilmiş ürün gönderdiler;2
ürünü henüz deneme fırsatım olmadı memnun olacağımı düşünüyorum. Berberimde görerek sipariş verdim ense sakal vs için çok uygun olduğunu söyledi.;2
gerçekten tam bir küçük dev..ufacık duruyor ama zehir gibi çalîşıyor;1
Anlatıldığı gibi işlevsel bir ürün. Bıçağı gayet keskin. Küçük boyutlu olması sakal düzeltmede çok kullanışlı hale geliyor. Kısacası beklentimi karşıladı.;1
7-8 senedir Powertech RFC - 258 ürününü kullanıyordum ve çok memnundum. Temizlerken kırıldı ve Powertech markasına güvendiğim için TR 658 ürününü aldım. TR 658 ürününden pek memnun olduğumu söyleyemeyeceğim. Daha yüksek fiyatlı olmasına rağmen RFC 258’den bariz bir şekilde kullanışsız bir ürün.;0
Ürünü yanaklarımı traş ederek kullandım güzel jilet gibi alması zaten mümkün değil ama sıfıra yakın traş ediyor birde ıslak kurusu olsaymış iyiymiş;2
Daha önce kullandığım aynı marka cihazlardan çok daha mükemmel.Kısacası tereddüt etmeden alıp kullanabilirsiniz.;1
Fiyat performans ürünü. Şarjı başarılı;1
Ürünü geçtiğimiz günlerde almıştım. Kullanmamıştım. Şimdi denedim. Sakal traşı için almıştım ve 30 saniye falan sürdü sanırım traş olmam. jilet gibi çok güzel temizliyor. bir arkadaşım bende bu ürünü görüğü için bana da hediye et demesi üzerine ikinci ürünüde almış bulundum... kaliteli parasını fazlasıyla hak eden kral bir makine.;1
Cooooooooook begendim;1
Ürün sıfır kutusunda ve hızlı gönderildi... Makine sakal ense ve tüyler için kullandığınızda mükemmel... Başlık kısmında ufak bir ayarla sıfırlama yaptım... Gayet iyi... Tavsiye ederim;1
Evet beğendim çok güzel;1
Anlatıldğı gibi çok güzel;1
güzel ürün tavsiye ederim;1
Gayet iyi eksiksiz ve hasarsız geldi;1
urun sifir aliyor. sakal ve duzeltme icin 10 numara. piyasaya gore ucuz ve kaliteli... hic cekinmeden alin;1
Ürün daha çok sakal için. Kısa saç kullananlarda alabilir. En büyük tarağı 3mm. Saçıda sakalıda zorlanmadan alıyor.;1
Sadece sakal traşı için uzun yıllar kullanılır.;1
Ürün on numara beş yıldız yolma koparma kesinlikle yok canavar gibi makina bastırmaya bile gerek yok on numara kesim yapıyor kimileri boş boş konuşuyor işi kıllatıyor madem kıl adamsın git bin liralık makina al. Gözünüz kapalı alabilirsiniz hayırlı günler...;1
Gerçekten fiyatına göre çok iyi bir makine.;1
10 yıldır powertec kullanıyorum daha önce eski modellerini kullanmıştım. Bu makineyi 1 yıldır kullanıyorum. Jilet ayarında kısalıyor, arkadaşlarda denetim onlarda çok beğendi. Şimdi üçüncüsünü teslim aldım. Marka takıntılığı yapıp alman malı olanlara enayi parası ödemeyin;1
Ürün tarafıma eksik olarak gönderildi. Durumu mağazaya belirtmeme rağmen gönderim sağlamadı. Kesinlikle alışveriş yapılmayacak bir mağaza.;0
sorun yok gayet iyi çalışıyor;1
Güzel paketleme, hızlı gönderi, sorunsuz ürün.;1
Diğer ürünlerinden de kullandım. Bu da kaliteli duruyor;1
Çok güzel müthiş bir ürün;1
Ürünü aldım. Kalite süper Paketleme süper Performans süper Fiyat güzel  Herkese tavsiye ederim.;1
ürün güzel gayet tatmin edici ??;1
Süperr ötesi gerçekten tek seferde alıyor;1
Ürün gayet güzel. Temiz kullanıldığı sürece problem çıkarmaz.;1
Kaliteli güçlü bir makina;1
siparişim aynı gün yolda cıktı. persembe günü okuduğu için üzülüyordum babalar gününe yetişmez diye. Cuma günü elimizde oldu. minnettarım??;1
Hayır begenmedım;0
Makina güzel . Canavar gibi çalışıyor. Sakal için aldım tavsiye ederim. Jilettet bir numara kalın sıfıra yakın ediyor. Saçımı da sıfıra vurdum herkesin evde olduğu dönemde gayet te memnunum.;1
ürün anlatıldığı gibi muhteşem teşekkürler;1
bence ev kullanimlarinda cok cok ywterli;1
Özellikle denedikten sonra yorum yapayım dedim. Berberim tavsiye etmişti. Kol bacak sırt göğüs harika alıyor. Tavsiye ederim.;1
hemen alın düşünmeden;1
ürün fena değil.malzeme kalitesi cok iyi değil.baslıkları kullanarak sakal tıraşı performansını begenmedim.baslık kullanmadan sakal tıraşı ve ense temizliginde daha iyi.;2
Ürün çok hızlı geldi üründe zaten güzel teşekkürler satıcı ve N11.com ??;1
Kesimi güzel. Ürün Kalitesi fena değil. Plastik Aksesuarlar kalitesiz;2
Başta yetkili satıcı çok tşk ederim. Ürün anlatıldığı gibi kutusu tam ve şarjlı geliyor. Hemen tras oldum sonuç harika. Sakallarım çok sert olmasına rağmen rahat ve sıfıra yakın tıraş oldum. kesinlikle tavsiye ederim.;1
Ürünü beğendim kesimi şimdilik güzel.;1
Firma adaptörsüz ürün yolladi. Defalarca mail attım. Şimdiye kadar böyle hata çıkmadı kargo tutanağını ve kargo poşet resmini istedi. Kırık ürün değil ki tutanak tutturalım. Kargo görevlisi içinden adaptörü de almış olamaz çünku poset yırtık değildi. Firmaya soru sor kısmından da bir soru sordum alakasiz cevaplar yazdilar. Mail yoluyla ulastim urunun resmini attım. Yine de çözüme ulaşmadı. Böyle sorumsuz firmalardan uzak durun. Siz ürünü gönderirken niye kontrol etmiyorsunuz da benden tutanak istiyorsunuz? Bir daha asla bu firmadan ürün almam.;0
Ürün sıfır traş için ideal.;1
Ürün orta halli. Hiç yoktan iyi.;2
Ürün yeni elime geçti . Biraz kullandım ve gayet kaliteli ,tek sıkıntısı 3 adet taragida kalitesiz gibi ama ürün parasının hakkını verdi şimdilik , 1 puan kırma nedenim dediğim gibi tarakları kalitesiz , inşallah uzun süreli kullanim için uygundur. Gönül rahatlığıyla alabilirsiniz ,umarım bu yorum sizlere yardımcı olur.;2
güzel ve kibar ürün ama. bence küçük;2
ürün orijinal kutusunun içinde 1,2 ve 3 mm lik 3 adet başlığı,temizleme fırçası ve taşınır şarj cihazı ile geldi.saç,sakala ve vücut kılları için fazlasıyla yeterli.kaliteli profesyonel ürün.beğendim,tavsiye ederim.;1
Ürünü teslim aldım ama henüz kullanmadım ama görünürde sarjindan makinasına üç adet taraklı ucundan temizlik fırçası ve yagdanligina kadar olması gereken herşey mevcut fiyatını gozettigimizde ürün son derece yeterli görünüyor kullanmak için sabırsızlanıyorum Teşekkürler..;2
ürün ve paketleme süper emeği geçen herkese teşekkürler tavsiye ederim;1
Tam bir fiyat performans ürünü. Köpeklerim için aldım tüyleri hiç çekiştirmeden hızla traş etti;1
Ürün fiyatına göre çok çok güzel ve kullanışlı;1
Küçücük bişe, Tarak takınca almıyor bile gitti 100tl büyük güçlü birşey sanmıştım;0
urun guzel evde tras icin yeterli;1
Annemin saçını kesmek için aldık, son derece başarılı. Daha pahalı bir ürün almadığım için memnunum. Ürün, kutusu, içeriği özenli ve düzgündü. Satıcıdan da memnun kaldım;1
ÜRÜN KESİNLİKLE SAÇ TRAŞI İÇİN UYGUN DEĞİL. ÜRÜN SAKAL TRAŞI İÇİNDE UYGUN DEĞİL. ÜRÜN KİRLİ SAKAL VE ENSE TRAŞI İÇİN UYGUN. BU ÜRÜNÜN YAPABİLECEKLERİNİ SAÇ KESİMİ MAKİNALARI DAHA İYİ YAPAR.;0
manyak bir ürün, çok iyi tras ediyor;1
Kullanmak fırsat olmadı. Sadece çalıyor mu diye baktım, çalışıyor. Büyük kaba değil. Ele oturuyor. Fiyatına göre kaliteli görünüyor.;2
ürünü begendim Amma taraklar hariç...sadece kısa kesim yapacaklar için uygun.saç kesiminde de performansı iyi...;2
evet süper her eve lazim;1
Ürün güzel uzun zamandır takip ettiğim bir ürün kargo hızlı parçalar tam ama tek eksik fabrikadan en son paketleyen yada oraya gelene kadar üstüne nikelajında ve ön yüzünde darbeler var bir iki tane olsa neyse diyecem ama 7-8 adet darbe çizik var kullandıkça komple nikelajı atmazsa iyidir bakalım kesimi nasıl denemedim henüz paketi yeni açtım firma yetkililerine selamlar dikkate alırsınız umarım kalite kontrol yada paketlemeden önce son bi ürünlere bakarsanız sağına soluna iyi olur jelatın yaparsanız cihaza daha iyi olur;1
Ürün sorunsuz elime ulaştı ufak bir sorum vardı mağaza yetkilisi halletti.;1
Ürün kullanışlı ve kaliteli kısa saç sevenler için iyi çünkü 3 numaraya kadar tarağı var.kesimi çok iyi güzel.;1
ürün resimlerde göründüğü gibi arkadaşlar güvenilir mağaza;1
evet berber arkadaş tavsiye etti kendide kullaniyor güzel fiyatina göre alinabilir;1
Ürün gayet güzel kullanşlı.;1
Ürünü yorumlara bakarak ve kendimce fiyat performans olarak en iyisi olduğunu düşündüğüm için aldım. Alır almaz kendimi tıraş ettim. Ürünün her yerinden kalite akıyor resmen. Daha önceden defalarca tıraş makinesi alıp kullandım. Kimisinin şarjı az gidiyor, kimisinin bıçakları kılları yoluyor, kimisi çok ısınıyor, kimisinin temizliği zor. İleride sorun yaşar mıyım bilmiyorum ama ilk izlenimim ürünün çok kaliteli oluşu ve performansının fazlasıyla yeterli olmasıydı.;1
Kullandığım makina teşekkür ederim kaliteli ürün;1
20 gün kargo bekledim gelen ürün bozuk çıktı değişim yapılması iade gönderdim. ürünü alıp iadeyi kabul etmedi;0
Ürün güzel ancak faturasız satış yapılıyor. Bozulursa garantiye veremezsiniz.;2
şiddetle tavsiye ederim;1
fiyat performans ürünü gayet tatmin edici;1
Ürün gayet kullanışlı ve zarif. Kutusu özenle hazırlanmış. Sipariş ettiğim günün ertesi hemen kargoya verildi ve çok hızlı elime ulaştı.;1
Kaç aylık kullanımım sonucu belirtmek isterim ki 2-3 kat fazla para verdiğim ürünlerden daha iyi.Keşke başlıkları farklı boylarda da olsaydı,saç keserken de istediğim şekilde kesebilseydim.Aşırı memnunum.;2
Arkadaşlar ürünü daha once deneme sansim olmustu. küçük pratik ve fiyatina göre oldukça başarılı. piyasada 120 tl civari burdan 93 e aldim. Sakali kisa sürede istediginiz uzinlukta kesebilirsiniz çok pratik. Saçta da aynen basarili fakat aparatlarinda 1..2...3 kademeler var. yani sacinizi 3 numaradan uzun kesemiyorsunuz. cabuk sarj olup uzun süreli kullanmak mümkün. Tavsiye ediyorum;1
Powertec markanın tüm ürünleri neredeyse kullanma şansım oldu ve tavsiye ettiğim bireyler oldu. bir önceki tıraş makinesini yaklaşık 8 yıl kullandım halada kullanıyorum en ufak bir sorun yaşamadım sadece bu ürün dikkatimi çekti ve denemek istedim ve sonuç harika. Motoru güçlü ve çekme batma gibi sorunlar olmuyor ve istediğiniz şekili anında görebiliyorsunuz. almak isteyenlere , düşünenlere şiddetle tavsiye ederim. Jilet kullanmak istemeyenler için sinek kaydı tıraş için tr658 modeli ile sıfır şekilde alıp tr150 silindir başlıklı modeli ile de pürüzsüz hale getirebilirsiniz.buda benden bir tavsiye düşünenler için...;1
Çok güzeli teşekkür ederim;1
TÜM SAMİMİYETİMLE SÖYLUYORUM PHİLİPSİN BİR MODELİNİ 150 LİRA CİVARI BİR FİYATA ALMIŞTIM ZERRE MEMNUN KALMADIM AMA BU CİHAZDAN ÖYLE MEMNUNUMKİ İYİKİ ALMIŞIM DİYORUM. BEĞENMEYEN OLUMSUZ YORUM YAPANLARI ANLAMIYORUM GERÇEKTEN SÜPER DAHA FAZLA ARAŞTIRMAYA GEREK YOK AL KARDEŞ AL :;1
görevini aksattığına denk gelmedim.;1
Ürünü denedim süper tavsiye ederim;1
ÜRÜN ÇOK GÜZEL MEMNUN KALDIM...;1
Evet beyendım sakal için almıstım basarılıbuldum;1
Begendim sarjli geliyir, yuzu incitmiyir kesmiyor, sadece 3 tarak koymalari cok az olmus;2
Yorumlara bakarak aldım ama çok memnun kalmadım. Çok ince bir traş yapmıyor. İki üç günlük traş olmuşsunuz gibi. Sıfıra yakın bir traş bekliyordum. Geldiğinde hemen kullandım. Traşın sonlarına doğru bayağı ısındı ve ciltte yanma hissi oluşturmaya başladı. Sakalda herhangi bir çekme hissi yaşatmadı. Lavabonun etrafı bayağı kıl oldu. Temizlemekle uğraştım bayağı. Bence ıslak kuru bir makina alınmalı ve bu tür makineler duşta kullanılmalı. Herkese iyi alış verişler.;0
Ürün güzel fiyat yüksek fırsatçı çok;2
ürün parasına göre işinizi hayli hayli goruur;1
harika bir ürün hem de yerli üretim;1
ürün fiyatına göre güzel ama yurt içi kargo kötü adrese gelmeden adres sorunlu diyorlar korgoya gidib aldım sorunu ilettim elamanları ilgisiz adres sorunlu diye yazıp geçiyorlar.;2
Bu ürünü Babama almıştım beğendiğim için bir tane de kendime aldım Fiyatına göre mükemmel.;1
Ürünü beğenmedim tavsiye etmem kargo geç taraklar çok dandik 1 tanesi kırık geldi.;0
Tarakları beş kuruş etmez;0
Ürün tam istediğim gibi fiyat makul 2 yıl garanti samsung şarj aleti ile de şarj yapılabiliyor. Düşünenlere tavsiyem hemen alın pişman olmazsınız. Sizlere faydam olsun diye bu yorumu yazdım.;1
evet ürün harika tasviye ederim;1
ürün küçük ama yaptığı iş çok büyük memnun kaldim;1
Ben ürünü sakal için aldım ama saç traşıda yaptım ben şahsen çok beyendim tavsiye ederim;1
Arkadaşlar öncelikle magaza çok ilgisiz içinden faturası garanti belgesi cıkmadı magazaya msj cektim mail adresinize yollandı yazıyorlar yüz kere msj cektim arkadaşım benim kullandıgım mail adresi su lütfen bu adrese yolkarmısınıZ diyorum yollamıyorlar aldıgım ürün garantisşz faturasıZ lütfen 5 fazla verin başka magazadan alın lütfen ilgisiZler dalga geciyorlar insanla;0
kesimi iyi , sakalı tam sıfır yapmiyor ama;2
Başlıksız iyi kesiyor, fakat başlık takıldığında saç, sakal kesilmeden kayıp gidiyor. Yavaş ilerletildiğinde de durum aynı. Tarak ile birlikte başlıksız kullanım için uygun. Malzeme kaliteli görünüyor. Ancak, bu durumda kendi kendinize saç traşı olmanız zordur.;2
Berberimde gördüm. Tavsiye üzerine aldım. Çok pratik ve kullanışlı. Bundan sonra berbere gitmeme gerek kalmadı.;1
Ürün gayet güzel ve kullanışlı beklentiyi karşılıyor teşekkürler.;1
Ürün güzeldi. Içerisinde tüm malzemeleri var. Paketleme daha iyi olabilirdi.;2
Ürün iyı sayılır, Fakat kargoya çok gec verıyorlar 10 gun sonra falan.bana gelmesi 15 gün oldu. Paketleme kötü, tavsıye etmem;2
urun boyut olarak kuçük ama kesim olarak guzel ilk tespitim ileride goreceyin azalma yada urun hakkinda...;2
Bazı arkadaşlar gelen cihazın sakalını çektiğini vs söylemişler. Benimde çekti. Vidalı bölümü söktüm. Oynar başlık cihaz üzerinde kaldı. Normalde cihazın traş kısmındaki iki vidayı söktüğünüzde hareketli başlıkla beraber çıkması lazım. Buradan da anlaşılıyorki yatağından çıkmış. Oynar başlığı yatağın en ucundan itibaren başlayarak yatağa doğru itip oturtun, bu kadar. Sonra yerine oturtup iki vidayı sıkın.;2
Resimdeki marka ürün geldi. Berberime danıştım, kısa saç için çok kullanışlı olduğunu kendisininde dükkanda kullandığını söyledi, onun için bu markayı tercih ettim . Haklıymış...;1
Umarım uzun süre çalışır;2
sakal için ideal, saç için ideal değil.;2
Beğendim çok güzel ürün;1
Ürünü kullanmadım. Bu nedenle ürün ile ilgili olumsuz bir şey söyleyemem. Sadece saç traşına uygun değil. Ben yanlış sipariş verdim,;2
gayet güzel ve kaliteli;1
sakal için aldım , beğendim, 1mm,2mm,3mm başlıkları var;1
asla begenmedim;0
ÜRÜN YORUMLARDA TAMDA YAZILDIĞI GBİ KENDİ KÜÇÜK AMA YAPTIĞI İŞ BÜYÜK ÇOK GUCLU;1
Ürün çok iyi.Sağlam malzeme ve güçlü motoru var.bıçakları keskin.Bu fiyata kaçmaz.;1
Saç kesmeyi düşünenler almasın 3numarası bile sıfıra yakın;0
Kendim aydır kullanıyorum. Babama da aldım. İki defa ense ve yanları aldım. İki aylık sakalımı kademe kademe çok rahat bir şekilde aldı. Şarzı hala bitmedi. Çekme yapmadı. Tarak kısmı yetersiz. 1mm 2mm ve 3mm uzunluğunda tarakları var. Bunlar berberdeki 1 numara 2 numara 3 numara anlamında değildir. En uzun tarağı 3mm olanı berberdeki 1 numaraya denk gelir. en azından 6mm ve 9 mm taraklarda olsa daha kullanışlı olurdu. Telefon kabloları ile de şarj olması yolculuklar için avantaj. Tavsiye ederim.;1
evet beğendim süper ürün hızlı gönderi;1
Ürün dün geldi. Sadece deneme olarak çalıştırdık, şuan için bir sorun görünmüyor. İlerleyen zamanlarda performansı ile ilgili tekrar bilgi veririm.;1
Ürün olarak çok güzel;1
Ürün guzel fakat kargo yurt ici kargo Mersin Akdeniz Özgür şubesi 3 gun işlem yapmadan bekletti bana kargo 7 gunde ulaşti, 2 gunde kargolanmasini bekledik toplamda 9 günde elimize ulaştı, bu yuzden yıldızın birini eksik olarak işaretledim, urun de magazada super, kargo sıkıntı;2
kullanışlı bir ürün arkadaslar;1
Ürün anlatıldığı gibi yalnız biraz küçük iyiye benziyor kullanıp görmek lazım;1
çok beğendim tam istediğim ürün;1
evet çok beğendim tam istediğim üründü;1
Evet çok başarılı;1
makina iş görecektir diye düşünüyorum. paket biraz daha özenle yapılsa iyi olur...;2
evet motoru güçlü is gorur;1
parasına göre iyi bir ürün;1
Evet çok teşekkür ediyorum;1
jilet kadar sıfır alıyor denmiş yorumlarda ayarından ayarladım ama jilet kadar degil 2 günlük sakal kadar alıyor;2
ucuz olmasına rağmen iyi sayılacak derecede traşı fena değil sakalları sıfır alıyor sinek kaydı olmasın diyorsanız işinizi görecekdir;2
Ürün başarılı beğendim sıfıra yakın alıyor tek eksik faturasız göndermişler.;2
Ya tek bende mi oldu bilmiyorum makineyi aldım yagladim ve ondan sonra ilk defa kullandım ve çizgi kıp kırmızı oldu resmen yandı jilet le keser gibi kesti yağladım ama yine de fayda etmedi kesme konusunda çok iyi kesiyor ona bisey diyemem ama jilet atmış gibi oldu her yerim yardım edin bu konuda;0
herşey anlatıldığı gibi;1
almış olduğum ürün anlatıldığı gibi emeği geçen herkese teşekkür ederek;1
Şiddetle tavsiye ederim çok iyi;1
Siparişim çok özensiz bir şekilde paketlenmiş olup, satıcı firma ne kargo ile ne de mail üzerinden fatura gönderimi yapmadı. Defalarca fatura talebi iletmeme rağmen, mail üzerinden bile fatura gönderilmedi. Hakkınızda N11 üzerinden şikayet talebinde bulunacağım.;0
Çok güzel paketleme ile hızlı bir şekilde gönderdi mağaza teşekkürler daha kullanma fırsatı olmadı ama yorumları çok iyi diye aldım zaten...;1
Devri yüksek olduğu için istenilen kesim yapılamıyor.;0
Ürün 758 le beraber aldım ama 758 bir tık daha derin temizliyor. Ama buda çok iyi. Kargo firması hariç hiç bir sorun yaşamadım o sorunda kota sorunundan dolayı ürün 12 günde geldi. Teşekkürler;2
ortalama fiyat iyi ürün iş görür ne kadar ömrü olur fikrim yok Philips almiyosan bunu al bence yoksa tabiki Philips;2
Cok memnun kalirsınız;1
1 tane aldım beklentimin üstünde çıktı 1 tane daha sipariş verdim.;1
Kesinlikle çok başarılı eşime aldım çok beğendi.tasarım olarak da çok şık;1
"Maalesef gereksiz övülen bir ürün. Sakallarımı kısaltırken çok olmasada kıllarımı çekti. Ayrıca yukarıdan aşağı doğru traş etmedi. Performansı vasat, bence bir F/P ürünü değil. Bu arada bu ürünle saç kesimi yapmayı düşününenler için ; Yapar ama sıkıntı çekersiniz. Hem uzun sürer hem de kısa ve yumuşak kıllları almak ta zorlanırsınız.";0
Üründen Memnun Kaldım Kargo biraz geç geldi fakat şuan tüm kargo şirketleri çok yoğun o yüzden mazur görmek lazım. Mağaza sorularımı kısa sürede hızlı bir şekilde cevapladı umarım uzun ömürlü olur.;2
Ürünü bugün kargodan teslim aldım. Kontrol etme fırsatım oldu . Şarjz konusunda iyi değil malesef . Çabuk bitiyor . Uç kısımlarına takılan aparatların sayısı az . Açıkçası aldığıma pişman oldum;0
güzel ve şık bir ürün beklentilerimi karşılar;1
hayir kotuydu tavsiye atmem kargo 11 gunde geldi;0
Evet ürünü beğendim sıfır kesim İcin almıştım işimi görecek umarım uzun ömürlü olur;1
Cihazı sıfır sakal kesmek için aldım bekletimin çok üstünde. Berberlerdeki pahalı makineler gibi direk kesiyor ve çekme vs. yapmıyor. Ses ise eski makinemin yarısı kadar. Bakalım dayanıklı olacak mı göreceğiz. Mağaza sorulara yanıt veriyor.;1
Ense ve kirli sakal için oldukça iyi bir makine. Bu amaçlar için kullanılır görüşündeyim.;1
ürünün garanti kağıdı kaşelli ve imzalı değildi;0
Makina başarılı ve güzel ihtiyacımı görüyor;1
çok güzel tam bir fiyat performans ürünü keşke daha farklı uzunlıklarda kesim içinde tarak seçenekleri olsaydı.;2
hayır begenmed almayın..im kargo berbat ürün kötü;0
MAKİNA GERÇEKTEK ÇOK GÜZEL DAHA ÖNCEDE BU MARKANIN SAÇ KESİMİ İÇİN OLANINI ALMIŞTIM ÇOK BEĞENDİM İNŞALLAH UZUN SÜRE KULLANIRIM...;1
Ürün faturası 16 gün sonra mail olarak geldi;0
Ürün güzel iş görüyor. Tarakları yetersiz. Kablolu olarakta kullanılabiliyor.;2
Ürün sakalı çok fazla çekiyor hatalı olduğunu düşünüyorum;0
"Ürün iyi, yüksek devirli, daha pahalisina hiç gerek yok.; Braun, philips kullanmama rağmen bunu aldim. Bunun yaptığı işi yapamıyorlar, kısa sakal, kirli sakal, sıfır traş, şekil verme için uygun... Performansı bunlardan kesinlikle iyi, kullanım ömrü de inşallah uzun olur ...Bu günlerde kargo çalışanlarını emeğini alkışlıyorum. Fakat, bu durum (Yurtiçi kargo) elemanlarınıza ukala davranması hakkını vermez. Müşteriyle konuşmasını bilirsen, seni zaten hoş görür.";1
ürün güzel fakat yurtiçi kargo sıkıntılı;2
ürün anlatıldığı gibi çok güzel.ama ürün elime çok geç geldi kargodan değil mağazadan kaynaklı sorun oldu mağaza geç kargola dı ürünü..içinden faturası çıkmadı mail yoluyla fatura gönderdiler bunu da belirtmek istedim.;2
iligili mağaza onca işin arasında teşekkürler;1
denedik kardeşim 15 senelik berber beğendi urunu;1
Fiyat iyi ürün Başarılı;1
guzel urun biraz kucuk ama islevi gayet iyi;1
Süper ??????????;1
Evet gayet güzel şık bi ürün;1
Ürünü çok beğendim. Orjinal ve kaliteli bir ürün. 4 aylık uzun sakallarımı 5 dakikada hiç zorlanmadan aldı. Kesinlikle tavsiye ederim;1
super parasını sonuna kadar bak ediyo;1
ewet urun gzel ama kargo 10 gunde anca ulasti elime o yuzden 4 yildiz;2
Piyasada 20 30 TL ye satılan ürün 80 TL denemeden gönderdim;0
şarzı gerçekten iyi gidiyor sakal ve ense icin süper fakat saç kesiminde tarak lar saci bicaga atamiyor saci usten tutup cekip kestiginizde guzel kesiyor;2
Ürün gerçekten çok güzel yorumlarda anlatıldığı gibi herkese tafsiye ederim çok memnun kalırsınız;1
urun amator kullanımlar için ideal. kuaför olmayan birine en pahalı ürünü verseniz de ortaya çıkaracağı eser bellidir. o yüzden parasına göre ideal bir ürün diyorum.;2
ürünün kendisi oldukça şık ve güçlü elde tutma hissiyatı süper ama tarakları tam bir hayal kırıklığı... Taraklarının berbatlığı yüzünden bir yıldız eksik verdim..;2
Fiyatına göre güzel ürün.;1
Ürünü daha denemedim ama berberin de görmüştüm hoşuma gitti. Bende powertec in başka bir modeli var 5 yıldır kullanıyorum sakal traşı için haftada 2 yada 3 kez çok memnunum. Bunu da yedek olarak aldım. Bu daha sıfıra yakın alıyor. Umarım diğeri gibi uzun ömürlü olur. Micro usb ile şarj olması artısı. Diğer makineme göre daha sağlam görünüyor. Tavsiye ederim.;1
Ürün biraz küçük ama küçük olması dezavantaj değil aksine taşıma esnasında kolaylık sağlar;1
Sakal için uygun bir ürün.Sıfıra yakın kesiyor.;1
Sakal ve vücut kullanımı için çok iyi bir makina. Saç kesimi içinde kullandım fena değil ama taraklarının numaraları çok kısa kesiyor. 3 numara ile saçlarımı kestim 1 numara oldu. Saç kesiminde dikkat edilmesi gerekir çok kısa oluyor;2
fiyat performans ürünü sahsen ben cok begendim bu kadar performans beklemiyordum. sakallari sıfira yakin alıyor. ürünün boyutu da minimal bir boyut guzel cihaz tavsiye ederim . ürünün elime gec ulasmasindan baska bir problemim yok;1
Gayet kullanışlı;1
Beklemediğim kadar iyi performans, bu fiyata çok harika bence, çok memnunum. İyi ki almışım.;1
teşekkürler hızlı kargo iyi ürün;1
Makinenin şarj süresi çok iyi. Saç traşı yapacak kadar da güçlü. Tavsiye ederim;1
Ürün gerçekten güzel kesinlikle tavsiye ederim sorunsuz paket özenli eksik yok çalışmayan aksamı yok sorunsuz bir önüm tavsiye ederim;1
evet ürünü beğendim,gayet kullanisli ve rahat,çok kisa bir zaman diliminde rahat sakal traşi oldum.N11 e ve Mağazaya teşekkür ederim.;1
Makinanın kesimi çok güzel. Ben saçlarımı kesmek için aldım ve hiçbir sıkıntı yaşamadım. Bana göre tek eksi yanı taraklarının yetersiz oluşu.;2
Ürün oldukça iyi. Saç kesiminde kullanılabilir. Saç kesiminde çekme vs. bir sıkıntı yapmıyor. İyi çalışıyor. Ancak belirtmek gerekir ki aparatları ile kullanımda dahi 3 mm kısalıkta kesim yapılabiliyor. Kısa saç kesimini sevenler için ya da zaruret sebebiyle kabullenler için uygun olabilir. Ürün prc yani Çin üretimi ancak kullanım ya da malzeme olarak bir problemi yok. f/p olarak çok iyi seviyede olduğu söylenebilir.;1
Fiyatına göre gayet iyi ve kullanışlı bir ürün. Tavsiye ederim.;1
Sadece 3 tane 1-2-3 mm ucu var. Ancak çok kısa sakal tıraşı olursunuz.;0
ürün kesinlikle sadece sakal için. saç için çok kısa kesim yapıyor. alırken bunu unutmayın. şarjla çalışma süresi oldukça uzun.;2
ürün elime gelmeden geri iade edilmiş insan bir mesaj atar yada konturu yoksa caldir ben arayım;0
Çok güçlü bir makine. Hem Türk malı hem de bu kadar başarılı. Kesinlikle alınmalı. İzsiz tertemiz kesiyor. 3 ayrı tarağı var ve tak çıkar yapması çok kolay;1
Kendi küçük marifeti büyük..;1
Sakal ve ense traşı için fiyatına göre diğerlerinden daha güzel bir makinedir. Yalnız traş kesiminden sonra içerde kalan kılların temizliğini yapmak için vidaların sökülüp tekrar takılması zaman almaktadır biraz uğraştırmaktadır. Onun için 4 yıldız verdim.;2
ürün çok güzel canavar gibi tavsiye ederim ????;1
Ürün tahminimden küçük ebatta. Malzeme kalitesi, işçilik güzel. Birleşme noktaları, sonlandırma gayet başarılı. Ele takılan her hangi bir çapak vs yok. Cihazın bıçaklarının birleştiği uç nokta aynı hizada. Yani bıçaklardan biri diğerinden aşağıda veya yukarıda durmuyor. Dolayısıyla cihaz sıfıra yakın kesim yapabiliyor. Bu bakımdan çok başarılı. 3 numara tarağın daha büyüğü yok. Kısa saç sevenler için ideal. Saçı çekme, keserken zorlanma yapmadı. Yağ gibi çalışıyor. Fiyatının üzerinde diyebilirim.;1
Ürünü saç kesmek için aldım, ürün bit kadar ölçülerinide o yüzden yazmamış zaten sitede satıcı. Bi resim koymuş insan bişey zannediyor. 3 tane ucu var uçların en büyüğü normal berberlerdeki 1 numaraya denk geliyor 3 mm yani saç kesmeye kalksanız jiletle kafanızı kazıyın daha iyi. Kaldıki ürün o kadar küçük ki kesinlikle saç kesemezsiniz. Ürünü prize dahi sokmadan aynı gün iade ettim. Satıcı kabul etmedi hijyenik ürünmüş. 86 TL ye aldığım ürüne mağdur olmamam için enonbir 60 tl hediye çeki verdi. Satıcıdan kesinlikle uzak durun.;0
bu kadar beklemiyordum şaşırttı beni . çok iyi makine;1
Bende powertec TR 2700 model vardı ben onu kullanıyordum sakalı sıfır almadığı için bunu internetten araştırıp babam için sipariş verdik gerçektende 10 numara 5 yıldız bir ürün;1
Ürünü yorumlara bakarak aldım ve gelir gelmez kesciliğini denedim. Ürün hatalıydı ve kesinlikle kesmiyordu. Hemen aynı gün iade talebi açıp kargo parasını da ödeyerek geri gönderdim. Ürün ulaştığında iade almadıklarını söylediler, ben de ürünü değiştirmelerini istedim, en azından kesen bir makine gönderilsin istedim, onu da yapmadılar. Çalışmayan ürün ile beni bıraktılar. Hiç bir ilgi alaka da yoktu. Gönderdiğim ürün şu an nerede ve ne durumdadır bilgim de bulunmuyor. Alışveriş yapacak arkadaşlarım bunları göz önünde bulundursunlar.;0
Ürüne gelince ürün efsane.Sıfırı çok güzel.Düşünmeden alabilirsiniz.Usb ile şarj olması ayrı bi güzel.Ayrıca şarjı bitse dahi şarja takarak traşa devam edebilirsiniz.;1
Ürün anlatıldığı gibi güzel kaliteli olduğun ilk elinize aldığınız da belli ediyor parasına göre güzel tavsiye ederim;1
evet güzel ürün tavsiye ederim;1
ürün anlatıldığı gibi teşekkürler gönderici firmaya kullanımında da bakalım artık şans işi;1
Gayet güzel bir ürün.;1
urun cok guzel o fiyata alinabilecek en iyi urundur;1
Makinenin sakalınıza dokunması yetiyir gercekten güzel bazı premium markalara bunum 5 katı para verip beşte biri kadar bile verim alamayan biri olarak yazıyorum...;1
Ürün özellikle sakal traşı için oldukça iyi, saç tıraşı için tasarlanmamış oldukça kısa kesiyor fakat sorun yok. Saçlardan tamamen kurtulmak isteyenler için gayet ideal.;1
ürün fiyatına göre müthiş & Tutcar & Alın Bence BEDAVA;1
hasarlı ürün yollayıp değişim yapmayan bir firma;0
1. Şık 2. Hafif 3. Sağlam 4. Uzun şarj süresi 5. Standart ses yüksekliği 6. Geç gelen kargo Fiyat performans açısından notum tam.;1
Evet çok beğendim;1
emeği geçenlere teşekkür ederiz başarılı;1
Gayet güzel estetik bi cihaz kaliteli görünüyor;1
çok teşekkür ederim hayırlı ramazanlar;1
Anlatıldığı gibi güzel;1
ürüne söz yok fiyatinin en iyisi fakat paketleme olmamiş kargo posetine koyulup gonderilmis havali posete sarilabilirdi.;2
Fiyat ve performans iyi sac icin alinmaz sakal ve ense icin guzel pahali markalara gerek yok;2
Ürünü beğendim saç için pek uygun değil ama sakal için güzel ben saçlarımı kestim ama uğraştırdı tarakları az ve kısa daha çok sakal için bu ürün saçı çekme olayı olmadı beğendim keşke çok tarağı olsaydı en büyük tarağı 3 mm;2
Hem urunu hemde satıcıyı kesınlıkle tavsiye ederim. Bu donemde cok hızlı teslimat.;1
Ürünü viranşehire sipariş ettim. Bireciğe göndermişler. Yurtiçi kargo isteme adresimi diğer ilçeye vermiş.;0
Evet çok güzel bir cihaz herkese tavsiye ederim.şarjı çok iyi kesimi de çok iyi;1
sakal icin çok güzel bir makine. Saç icin uygun değil çünkü uçları çok kısa kesiyor. kısa saç kesmek isteyen teredütsüz alabilir. kargo çok hızlıydı emeği geçen herkese teşekkürler.;1
Ürün 0.1 mm kesiyor çok iyi;1
Ürün beklediğimden iyi çıktı neredeyse sıfıra yakın alıyor sakalları çekme vs. de yapmıyor.;1
SAKAL İÇİN ÇOK İYİ AMA SAÇI KESMİYOR ONA GÖRE ALIN...;2
dısarda bu fiyata dandik ürünler alacağıma burdan kuaförler için olandan alırım gayet kaliteli ve güçlü motoru var;1
Hayır. makinaya takılan tarakları iyi değil;0
Ürün geldiği gün iade ettim iade talebimde reddedildi paranızı çöpe atmayın ürün traş ederken kesmiyor yoluyor resmen!!!;0
Ben hem görüntü hem de işlevsel olarak bu fiyata bu kadar kaliteli bir ürün beklemiyordum. Bence kaçırmayın;1
Ürün dört dörtlük değil iki dörtlük bir ürün elime ulaşması 10 günden fazla sürdü önce firma geç kargoladı sonra kargo hatalı gözüktü 18 ocakta teslim edilmiş olarak gözüktü sonra tekrar tekra hatalarla dolu bir serüven yaşadım. Baktım olacak gibi değil gittim kendim aldım kargo şubesinden ürüne gelince sakal ve ense için ideal ama saç için tavsiye etmem hem taraklar yetersiz hemde küçük makina...;0
Sakal,Ense için alın tereddüt etmeyin.Satıcı güvenilir. Bu ürünü burdan başka bir yerden bu kadar ucuza alamazsınız en ucuz şuanda burası. Saç için Powertec TR-3200 alın fakat 130-150? bandına inmesi lazım şuan ürün olmadığı için fiyatlar yüksek bekleyin.;1
Arkadaşlar ürün çok iyi degil bundan önce bu markanin bir ucuz modelini kullanmıştım o daha iyi;0
evet ürün anlatıldığı gibi;1
Kaliteli ürün başarılı mağaza pazar günü teslimat yapan yurtiçi kargo hepsine Tşk ederim;1
Urun genel olarak iyi, şarjı dolu olarak geldi aralıksız 35 dk çalıştı gücünde bir eksilme olmadı. eğer sacinizi çok kısa kesmeyecekseniz ürün ile gelen taraklar işinize yaramaz ayrıca büyük numara taraklar almanız gerekir..;2
sakal için ideal;1
Ürünü eşim ve oğlum için aldım. Sıfır sakal kesimi olmuyor. Saç kesimi rahattı. Memnun kaldılar.;2
Güzel ürün hızlı kargo;1
güzel bir ürun almanizi tavsiye ederim parasini fazlasiyla hakediyor;1
Ürün fiyatına göre gayet iyi. Farklı boylarda tıraş yapablmeniz için 3 adet tarağı var. Hiçbir tarak kullanmadığınızda ise jilete yakın kesiyor. Şarjı da iyi dayanıyor.;1
hayır arkadaşlar sakın burda bişey almayın;0
Parasına göre çokiyi parasının alabileceği en iyisi. Gayet güzelkesiyor tavsiyeederim;1
Beğendim. Zamanında ve eksiksiz geldi. Teşekkürler;1
Dediğim gibi saç makinası değil sakal ve ense düzeltme makinası diyorlar kuaför arkadaşlarım. Ama ben tek seferde sorunsuz bir şekilde kafamı sıfıra vurdum. Bende başarılı ama dediğim gibi ben anlamam sadece denileni ve YouTube da izlediğim kuaför yorumlarından böyle yazdım almak isteyenler kendileri bilir ben memnun kaldım benim için yeterli.;2
"Ürünü ben de birçoğumuz gibi karantina sürecinde aldım. Alırken tereddütlerim vardı ancak ilk kullanımdan sonra zerre kadar kuşkum kalmadı. Nerdeyse 3 aya yakın kesmediğim saçım ve 1 aya yakın kesmediğim sakalım vardı. Makineyi eşime teslim ettim ve saçlarımı 3mm tarağı ile sakallarımı da tarafsız sıfır şekilde kestik. Sonuç, gayet iyi. Sıfıra yakın alıyor. Saçta kullanılmaz diyenler vardı. Bu konuda tereddütlerim vardı ancak gerçekten uzun olan saçlarımı gayet iyi aldı. Elbette 3 dakikada yapmadık saç tıraşını ancak bu bütçede bir makine için gayet iyi aldığını düşünüyorum ve en önemlisi ne saçta ne sakalda hiçbir şekilde ""çekme"" yapmadı. Zira bundan Philips 5050 serisi ve Braun olmak üzere iki farklı makine kullandım ve inanılmaz çekiyordu. Kısacası kısa saç sevenler için gayet ideal bir cihaz. Makine hakkında tek eksik puanım tarak çeşidi olabilir. 3 farklı tarak geliyor. En büyüğü 3 MM idi. 6 ve 9 MM tarak da olsa değme keyfine...";1
evet gayet başarılı;1
güzel herkes begenir;1
Ürün çok güzel bir sakal makinesi fakat  saç için sakın almayın;2
Babama aldım gayet memnun;1
Güzel görünüyor. Kullanım sonrası göreceğiz.;2
Güzel ürün iletişimi iyi satıcı teşekkürler...;1
Fiyatına göre kesinlikle başarılı. Tavsiye ederim. Sadece sıfıra yakın kesim yapabiliyorsunuz, en büyük başlık 3mm. Bence o da 2 gibi alıyor.;2
Gayet güzel ürün tavsiye ederim içiniz rahat sipariş verebilirsiniz.;1
ayet güzel çalışıyor. Parasına göre iyi diye düşünüyorum.;1
Makineden memnun kaldık , bir kaç arkadaşta tavsiyem üzerine aldı memnun kaldılar;1
ürün güzel fiyatına göre hakkını fazlasıyla veriyor. fakat ürün ile birlikte herhangi bi fatura gelmedi. e-fatura olarak da herhangi bi mail gelmedi bu durum hoş değil;2
ürün cok güzel tam istediğimiz gibi;1
Ürün iyi, ekstra bir iki tarak daha olsa mükemmel olurdu;1
birçok makineye göre daha kısa alıyor. Tek kusuru 1-2-3 numara başlıklar var sonrası için başlık yok. oda çok önemli değil.;2
Ürünü fiyatına göre gayet kullanışlı tek sevemedigim şeyi tarak sayısı az olması. Sakal ve saç keserken rahatlıkla kullanabilirsiniz;2
Ehhh fena değilden ötesini diyemem;2
Bu ürünü kesinlikle uzun saçlarınızı saç telinizin uzunluğu 2-3 cm ise en az kesmek için kullanmayın. Bu makine tamamıyla ince işler için yapılmış. Sakal ve tüy kesimi gibi. Zaten kutudan çıkan tarakların büyüklüğü de saç kesimi için yeterli değiller.;0
Saç kesimi yaptım ama bu fiyatına göre yine de iyi sayılır.sakal ve vucut kılları için daha ideal bir ürün.;2
Evet oğlumun traşı için aldım ama eşimde yararlanıyor;1
ürün gayet güzel bıçaklari gayet keskin bu fiyata göre de fazlasıyla iyi ama sakal icin ideal saç kesmeye almayin cok keser birde ağzına takılan başlıkların takılması biraz zor;2
hassas kesim yapiyor. şarjı iyi gidiyor. 1-2-3 mm taraklari markasi cok bilindik urunlerin 2-3-4 mm civarina denk geliyor. ben normalde braun veya philipste 3mm kullanirken ayni uzunluk icin powertecte 2mmyi kullandim. taraklar hicbir sekilde batma yapmiyor. bicak da cekme yapmiyor.;1
Hızlı gönderi kaliteli ucuz ürün. Teşekkürler;1
Basliklar cok kotu 3 numara tras olamazsiniz kesmiyor sadece 0 kesim sac ve sakal için uygun bunu baz alarak satin alabilirsinoz sadece 0 kesim iyi;2
Sakallar için ideal. Motoru kuvvetli.;1
Genel olarak yorumlarsam mağaza kargo ürün vs herhangi sıkıntı olmadı , emeği geçenlere teşekkür ederim . Üründe gayet kullanışlı oda tamam .;1
Ürün gercekten fiyatını hak eden bir ürün ve oldukca küçük olması ve sesinin az çıkması mükemmel saç tıraşı için alacaksanız önerim almayınız bu makine sakal ve ense traşı için birebir...;2
Ya siz ne biçim insanlarsınız ayıplı mal satıyorsunuz niye geri almıyorsunuz;0
Tasarımı güzel pratik kullanışlı. Yalnız taraklar ile verimli kullanım sağlamıyor.Yine de fiyatına göre oldukça başarılı.;2
ürün çok iyi yağ gibi akıyor parasını sonuna kadar hakkediyor hızlı kargo hem ucuz hemde iş görüyor yüksek meblağ bağlamanıza gerek yok sakal tıraş ı için aldım harika ürün;1
ürünü aldım. kullandım ..sakal cizmek ve kesmek icin cok güzel bir cihaz..aparatsiz kullandığınızda bir günlük sakal gibi kesebiliyor.cok güçlü bir cihaz sakalınızı asla çekmiyor. bu paraya alınabilecek en iyi sakal kesim cihazıdır...ama seç kesimi için uygun değil alan arkadaşlar bunu göz önünde bulundursunlar.;2
Ürünü beğendim ama yurtiçi kargo için aynı şeyi söyleyemem.;2
Pişman etmeyecek bir makine;1
Begendim is görürr;1
on numara on yildiz;1
evet çok harika saglam;1
Ayni markanin saç kurutmasını da kullanıyorum. Yerli,kaliteli ve ucuz.Tel şarzı ayrı bir güzel olmuş.Şarzdaykende kullanılabiliyor. Teşekkürler;1
evet...daha öncede bir tane almıştım, ne geleceğini biliyordum..;1
Babamı tras etmek için aldım berberler acilana kadar bi kac kez tras etse yeter duye dusunuyordum ama urun cok guzel uzun yillar kullanacagim kalitede çok memnunum;1
Asiri uzayan saclarimi yaklasik yarim saatte guzelce kesti. Ev kullanimi icin ideal. Sac kesmiyor demek haksizlik olur birkac kere tekrar ile guzel kesiyor. Ayrica 3 mm tarak 1 numara tras demek. 3 mm yi 3 numara tras diye dusunmeyin. Ben o hataya dustum 3 numara tras diye olduk 1 numara cikti. 3 mm=1 numara 6mm=2 numara 9mm=3 numara aklınızda bulunsun;2
Ürünü denemedim ama çalışması güçlü kutusundada aslında ense sakal yazıyor yinede bir şekilde saç kesim işinizi görür. Kutu içeriside düzenliydi. Kargoya laf edenler bu satıcının bir suçu değil benim kargom 1 günde istanbula geldi ve ertesi gün teslim edildi.;1
ürün gerçekten yeterli, iyi bir ürün, boşu boşuna diğer ürünlere fazla para vermeyin;1
Ben ürünü daha önce berberde gördüm ve kullandım gerçekten jiletle nerdeyse aynı alıyor;1
Sakal ve ense traşı için ideal, 3 tarak olduğunu bile bile aldım fakat saç traşı için çok uygun değil, taraklardan dolayı yetersiz. Eğer saçınızı 3 numara yapacağım derseniz gayet uygun, eğer yanları kesip kat yapmak isterseniz bu cihazla yapamazsınız, ben yapamadığım için saçın hepsini 3 numarayla aldım.;2
Ürün açıklamalarda anlatıldığı gibiydi;1
saç traşı için hiç uygun değil arkadaşlar saçlar rezil oldu;0
çok güzel tavsiye edrim;1
kısa saç sakal sevdiğim için tam benlik makine yorumlarda saçı taraklarının küçük numara olduğu için kısa kestiğini yazmış alan arkadaşlar bu nedenle tercih etme sebebim oldu, bin tl civarı makinelere de baktım hiç gerek yok fazla para vermenize bu makine işinizi fazlasıyla görür;1
Hızlı Kargo ve güzel ürün teşekkür ederiz.;1
Ürün güzel fakat kargodan dolayı sarsılmış ve paketi ezilmiş.;2
Teşekkürler ürün bence de çok güzel, en avantajlı yönü şarjlı ve kablolu kullanımı olması,;1
Açar açmaz hemen ilk işim sakal tıraşı oldum. 10 günlük sakalım vardı 5 dk da sıfır olmasada hallettim. Ürünü beğendim;1
Sakali harika aliyor.Saçta denemedim.Ürün sorunsuz pahali markalara gerek yok bilinen marka zaten;1
ben saç tıraşı için almıştım..traş yaptı fakat bı saatte uzun saçı ancak kesebildim..bu ürün sadece ense temizler, sakalları alır.saçlarınız için kesinlikle almayın derim..iadeyle uğraşmak istemiyorum..ne kadar para o kadar köfte;0
Ürün çok güzel istediğim gibi. Ama yurtiçi kargo tam bi rezalet! Hevesle aldığın üründen tiksindiriyorlar insanı. Yurtiçi kargo pişmanlıktır!;2
beğenmedim 5 kuruş etmez sakal için idare 100 daha koyup braun alın kaliteli yapıyorlar;0
Ürün elime ulaştı direkt kuyu açar açmaz taraklarına baktım. Çünkü hem saçımı hemde sakalımı traş ederim diye düşünürken tahminimden daha kısa taraklar çıktı. En büyüğü 3mm. Ürün açıklamasında da detayları yazmıyor, 3 adet tarak yazıyor. Benim işime yaramayacağı için işyerinde ki arkadaşım ürün paketini açar açmaz bana uygun dedi. Ona verdim. Çalıştırdı sıkıntı yok şarjıda iyi dedi. Alacaklara duyurulur.;2
bu makine saç tıraşı için uygun değil en büyük tarağı 3mm yani 3 numara sakal ve ense tıraşı için güzel;2
Ürün çok iyi hem saç hem sakal kullandım elimdeki daha pahalı ve tanınmış başka bir markadan bin kat daha iyi kesinlikle hiç düşünmeden alın. Bu paraya bedava.;1
yeni aldım ilk ufak caplida olsa test sürüşü yapabildim. kaba bir ürün değil, fiyat performans olarak ilk deneyim oldukça memnun edici.;1
Fiyat performansa göre harika bir ürün.İlk saç tıraşımızı yaptık.Güzel ,takılmadan kesti.;1
Urun anlatıldıgı için gibi ama kargo gec geldi olsun bu ara kargolar yoğun arkadaslar sabreden dermiş muradına ermiş hayırlı ramazanlar;2
evet çok beğendim;1
İstediğim işi görmedi.;0
Ürünü begendim is gören bi makina ilk kez kendi kendimi traş ettim 30 dk icinde hallettim gayet iyi kesiyor küçük şık bir makina . Verilen parayi hak ediyor . Aparatlari kutu icerisi dandik onlarda cok önemli degil;2
İçinde 3 tarak var 3 numara bile asker traşı yapıyor yedek tarağı alamıyorsunuz saç İÇİN ASLA !;0
ense ve sakalar için biçilmiş kaftan;1
Ürün çok kullanışlı. Sıfıra yakın traş sağlıyor. Gerçekten çok kullanışlı. Typ-B soket ile şarj edilebilir olması ayrı bir güzel. Uzun vadede ne kadar dayanıklıdır bilemem ama şimdilik herşey yolunda görülüyor.;1
Makina güzel iyi sakal için sıfıra yakın alıyor tavsiye edebilirim.;1
bıçakları çok kücük sakal ense favori gibi yerlerde kullanılabilir. tarakları bile direk 3 numaradan başlıyor saç KESMEZ...;0
makina özellikle sakal traşı için çok güzel,kaliteli ama sac traşı için düşünenler için küçük olur.;2
gayet güzel ürün aynı markanın saç kurutma makinasını da kullanıyorum çok memnunum;1
Almayı düşünen arkadaşlar bir dakika bile vakit kaybetmeden alsın derim ürün gerçekten süper çok kaliteli hemen alın malûm bu ara fiyatlar çok çabuk yükseliyor kaçırmayın. Mağazayı da öneririm hiç sıkıntı yaşamadım iletişim olsun kargo olsun tavsiye ederim;1
Ürün çok iyi. Moser cromini den de iyi;1
Sakal tıraşı için ideal ama taraklarla saç kesmede biraz zorluyor. Taraksız saç keserim derseniz on numara. Yani her türlü iş görür tavsiye ederim;1
Pahalı, marka ürün almaya gerek yok, bu alet canavar gibi çalışıyor. Gayet güzel kesiyor.;1
ürün anlatıldığı gibiydi.kesimi güzel yolmuyor.parasını fazlasıyla hak ediyor.ancak kılavuz tarak sayısı daha fazla olsaydı daha iyi olurdu.kısa sac için ideal.sakal için ise yeterli.tabi jilet gibi olmuyor.;2
Ürün güzel küçük olmasına rağmen 2 çocuğun saçını kesebildim kendimde traş oldum baya kısa kesiyor sakal traşı için alınabilir fakat saç için uygun değil ona göre alın ürün 3 günde elime ulaştı;2
makine güzel uçları yersiz devamı olsaydı saç tıraşı kolay yapılırdı yinede güzel kullanışlı;2
POVERTEC TR 658 Traş makinesi sakal tıraşı için ideal, ama saç için pek uygun değil çünkü yeterli başlık tarakları yok enseyi filan idare eder, güzel şık bir makine herkese tavsiye ediyorum.;2
Beklediğimin üstünde bir ürün oğullarımın ve benim saçlarımı ki uzundur hepimizin bir traş makinasın olmasına rağmen hiç takılmadan süper kesti;1
Ürünü yorumları okuyarak aldım. ilk traşım gayet güzel di. memnun kaldım. alacak kişilere tavsiye ederim fiyat performans ürünü gayet güzel makine. teşekkürler.;1
Ürün doğru geldi.Fenada sayılmaz.Ama çok keskin değil.Sakalımı 2.turda hallettim.Fiyatına göre iyi.Magaza sahibine sesleniyorum.Stoğunuz mersinde bende mersinde yaşıyorum.Ama ürün 4-5 gün arası geliyor.Anlaşmalı kargo şirketinizi değiştirin bence.;2
ürün evet çok güzel kibar ve kullanışlı beklediğim gibi geldi şurda 2 sorun var anlaşılmayan 1 fatura ail adresine göndericez deniliyo ama hala öyle bi faturam gelmedi 2 kargo firması taşıma esnasında ürün kutusu zarar görmüş yırtılmış yetkililerin korgo firmasını uyarması gerek;2
Ürün anlatıldığı gibidir. Fiyat performans açısından gayet güzel kullanışlı bir ürün Teşekkürler.;1
ürün çok güzel sessiz çalışıyor çok da güzel kesiyor sakal trasi için ideal;1
ürün geldi hemen kullandım şarjı var olan şarja baya uzun süre kullandım hala bitmedi gücü azalmadı 3 tane başlığı var saçlarım baya uzamıştı işimi gördü tavsiye ederim;1
Beğendik. Zaten normalde kısa saçı seven birisiyim. Ürünü alır almaz hem kendimi traş ettim hem oğlumu. Sonuç gayet başarılı. Kısa saç düşündüğüm sürece berbere bi daha gideceğimi sanmıyorum.;1
10 numara 5 yıldız;1
Ürün güzel. Tam istediğim gibi;1
merhabalar sakal traşı için süper makina.hiç düşünmeden alın derim.;1
Yorumlara bakarak aldım sakal kesmek ızdırap oldu.ayni markanın siyah olan modeli vardı o daha iyiydi;0
ürün fiyatına göre çok iyi kesinlikle kaçırmayın;1
Cihaz küçük boy, profesyonel büyük boy değil.Ense,kulak üstü fazlalıkları almak, biraz düzeltme yapmak için ise iyi iş görüyor, pil süresi yeterli.;2
Ürün kalitesi güzel tavsiye ederim;1
ürün gayet iyi vaktinde ulaştı gayet iyi kesiyor ilk defa iyi kesen makine gördüm sanırım tek sıkıntı dişleri çok kısa 3 ayarı en yüksek diş uzun sakal bırakmak istiyorsanız almayın ancak kısa sakal için gayet iyi puan kırma sebebim zor günlerde fiyatın bu derece artması;2
Fiyat konusunda ve performans olarak harika;1
fiyatına göre gerçekten iyi sayılabilecek bir makina derdiniz sakal kesmek ise kesinlikle işinizi görecektir ama saç için çık fonksiyonel değil 1 numara ve altı için geçerli taraklari var yani 0 ve 1 numara saç ile gezerim diyorsanız işinizi görecektir onun haricinde çok kullanışlı değil saç trasi için zaten ara kesinlerini yapacak mandalı yok makinanın bilginize;2
Mağaza sorulara geç cevap veriyor, kargoyu geç verdi ve kargoda geç getirdi. Ürüne gelirsek ürün iyi fakat saç kesimine biraz zayıf. Yine de işinizi görür, memnun kaldım.;2
Daha önce povertec in bir eski modelini kullanıyordum. Ama bu bir başka güzel çıktı. Bu kaliteyi bu fiyata sunanlar dan Allah razı olsun.;1
Ürün güzel kaliteli duruyor;1
fiyat ve yaptığı olarak iyi;1
ürün beklediğimden çok daha iyi çıktı. saç sakal kesimi gayet iyi. makine küçük olmasına rağmen performans açısından çok başarılı. ağız yapısından dolayı kıvrımlı bölgelerdeki saçı ve sakalı daha iyi alıyor. Bu ürünü tavsiye edenler haklıymış.;1
Yeni meslek Harika ürün düşünmeden alın;1
Taraklardan bir tanesi fabrikasyon hatalı çıktı.mağaza çok hızlı dönüş yaptı. Ama bi şey yapamayacaklarını yedek tarağının olmadığını söyledi ??;0
10 numara bir ürün kesinlikle tavsiye ediyorum. f/p;1
Çocuğun saçları 3 numaralı tarak ile kestim. Sorun çıkarmadı. Tek sorunu tarak sayısı. 1-2-3 nolu taraklar var ve en büyük tarak bile çok kısa kesim yaptı. Keşke 6-9-12 vb. tarakları da olsaydı.;2
idare eder makina biraz daha büyük olsa saç tıraşı için daha uygun olur.;2
kesşnlikle tavsiye etmiyorum!!;0
Markalı ürünlerin yaptığının fazlasını karşılar, Ama saç icin almayın, Daha çok sakal ve ense icin tercih edilmelidir.;2
Başarılı. Fiyat performans başarılı.;1
evet urun resimlerde gorundugu gibi;1
Ürün gerçekten profesyoneller için yapılmış. Kesinlikle tavsiye ederim. Ürün performans maliyet kıyaslarsam bence en iyisi. Sizlere alın diyorum lakin bundan sonra kuaföre gitmezsiniz diye de çekiniyorum.;1
Ürün sıfır kutuda geldi. Makine çok kibar ve ergonomik. Ben resimlerden büyük bir makine diye tahmin ediyordum fakat öyle değil. Denedim kesinlikle çekme vs yapmadı. Tek eksi yanı 3 adet başlık bulunması. En büyüğü 3 mm. Başka herhangi bir kusuru yok. Ayrıca mağazaya da paketleme ve kargolama ile ilgili teşekkür ediyorum.;2
Biraz küçük gibi ama çok şık ve kullanışlı.Kesmesi çok iyi,asker traşı olmak için on numara.;1
Ürün çok şık ve kullanışlı ??;1
bu mağazadan alış veriş yapacaksanız üründe hata veya bi sorun yaşarsanız kesinlikle geri almiyolar 1 ay dır uğraşıyorum hasta babam var traj etmek için aldım ürün hatalı çıktı gönderdim ne iptal ettiler nede ürünü gönderdiler geriye değişim yapın dedik onuda yapmadılar ürün alacaksanız bu mağzadan geri almazlar asla ona göre yapın .;0
kesinlikle tavsiye etmiyorum paranızı çöpe atarsınız.;0
Evet ürünü çok beğendim;1
Harika ancak bir kaç çeşit daha başlık koysalardı daha iyi olurdu,1 mm,2 mm,3 mm.var iş goruyor ama sac icin cok kisaltiyor, 6 mm ve 12mm. de olsa tam olurdu..;2
Ürün gayet güzel ve kullanışlı. 3 başlıkla beraber geliyor ve başlıkla bile hızlı kesiyor. En uzun başlığı 3 numara saç gibi.;1
Ürünü yorumlara bakarak satın aldım.Yaklaşık iki haftalık sakalımı hiç uğraştırmadan,ikinci bir perdeye gerek kalmadan rahatça kesti,motoru oldukça güçlü. Daha öncesinde bilindik pahalı markaların muadil ürünlerinden 3 tane eskittim. Abartmıyorum,bu daha iyi çıktı. Ömrü ne kadar olur bilemem ama bozulsa da pahalı olmadığı için üzülmem. Yalnız saç tıraşı için uygun değil,bilginize. Taraksız sıfır alıyor ,tarakları da çok ince. Sakal ve ense temizliği için gayet ideal. Tavsiye ederim.;2
Ürün iyi satıcı sıkıntılı.;2
Güzel göründüğü gibi;1
Berberimde gördüm. Akşamına araştırdım, sipariş verdim. makina geldi memnunum ??;1
Sıfır sakal imkansız ancak makine güçlü. Tavsiye ederim;1
Ürünü araştırıp aldım. Ürün anlatıldığı gibi gayet şık ve kullanışlı. Sakal da kullanım için aldım. Sakalımı gayet güzel aldı. Yani 1 veya 2 günlük sakal uzunluğunda kalıyor. Benim için yeterli. Uzun vadede keskinliği ve sağlamlığını göreceğiz.;1
